snake,trialBlock,orderInTrial,snakeName,soundToPlay,roomSideSoundPlayed,dayNumber,tongueFlickCount,freezeBehaviourCount,headJerkCount,cautionaryExplorationBehaviour,timeOfDay,headDirectionWhenLiftedHutch,headMovementLeftDirection,headMovementRightDirection,headMovementTowardSpeaker,headMovementAwayFromSpeaker,headMovementDistanceTotal,Notes,Fixation behaviour?,hissesNumber,lowerJawDrop,parascoping,secondsOfTrial
17,0,1,Elapid Boy,0,0,1,,,,,,,,,,,,"No filming or data collection for any of the familiarisation trials. Trials done at 27C. Snakes given 30s settling in hutch (once half-door closed), then 4.5 add'l minutes of time outside hutch to freely explore. H264 codec. 90s is 260MB using this format. ",,,,,300
14,0,2,Lumpy,0,0,1,,,,,,,,,,,,"No filming or data collection for any of the familiarisation trials. Trials done at 27C. Snakes given 30s settling in hutch (once half-door closed), then 4.5 add'l minutes of time outside hutch to freely explore. H264 codec. 90s is 260MB using this format. ",,,,,300
4,0,3,Lower Jaw,0,0,1,,,,,,,,,,,,"No filming or data collection for any of the familiarisation trials. Trials done at 27C. Snakes given 30s settling in hutch (once half-door closed), then 4.5 add'l minutes of time outside hutch to freely explore. H264 codec. 90s is 260MB using this format. ",,,,,300
10,0,4,Briggs,0,0,1,,,,,,,,,,,,"No filming or data collection for any of the familiarisation trials. Trials done at 27C. Snakes given 30s settling in hutch (once half-door closed), then 4.5 add'l minutes of time outside hutch to freely explore. H264 codec. 90s is 260MB using this format. ",,,,,300
6,0,5,Upgrade,0,0,1,,,,,,,,,,,,"No filming or data collection for any of the familiarisation trials. Trials done at 27C. Snakes given 30s settling in hutch (once half-door closed), then 4.5 add'l minutes of time outside hutch to freely explore. H264 codec. 90s is 260MB using this format. ",,,,,300
11,0,6,Glory,0,0,1,,,,,,,,,,,,"No filming or data collection for any of the familiarisation trials. Trials done at 27C. Snakes given 30s settling in hutch (once half-door closed), then 4.5 add'l minutes of time outside hutch to freely explore. H264 codec. 90s is 260MB using this format. ",,,,,300
16,0,7,Dorsal Girl,0,0,1,,,,,,,,,,,,"No filming or data collection for any of the familiarisation trials. Trials done at 27C. Snakes given 30s settling in hutch (once half-door closed), then 4.5 add'l minutes of time outside hutch to freely explore. H264 codec. 90s is 260MB using this format. ",,,,,300
9,0,8,Perth Girl,0,0,1,,,,,,,,,,,,"No filming or data collection for any of the familiarisation trials. Trials done at 27C. Snakes given 30s settling in hutch (once half-door closed), then 4.5 add'l minutes of time outside hutch to freely explore. H264 codec. 90s is 260MB using this format. ",,,,,300
1,0,9,Squishy,0,0,1,,,,,,,,,,,,"No filming or data collection for any of the familiarisation trials. Trials done at 27C. Snakes given 30s settling in hutch (once half-door closed), then 4.5 add'l minutes of time outside hutch to freely explore. H264 codec. 90s is 260MB using this format. ",,,,,300
7,0,10,El Diablo,0,0,1,,,,,,,,,,,,"No filming or data collection for any of the familiarisation trials. Trials done at 27C. Snakes given 30s settling in hutch (once half-door closed), then 4.5 add'l minutes of time outside hutch to freely explore. H264 codec. 90s is 260MB using this format. ",,,,,300
8,0,11,Mr Naughty,0,0,1,,,,,,,,,,,,"No filming or data collection for any of the familiarisation trials. Trials done at 27C. Snakes given 30s settling in hutch (once half-door closed), then 4.5 add'l minutes of time outside hutch to freely explore. H264 codec. 90s is 260MB using this format. ",,,,,300
2,0,12,Boss,0,0,1,,,,,,,,,,,,"No filming or data collection for any of the familiarisation trials. Trials done at 27C. Snakes given 30s settling in hutch (once half-door closed), then 4.5 add'l minutes of time outside hutch to freely explore. H264 codec. 90s is 260MB using this format. ",,,,,300
5,0,13,Mawa,0,0,1,,,,,,,,,,,,"No filming or data collection for any of the familiarisation trials. Trials done at 27C. Snakes given 30s settling in hutch (once half-door closed), then 4.5 add'l minutes of time outside hutch to freely explore. H264 codec. 90s is 260MB using this format. ",,,,,300
12,0,14,Dull Sister,0,0,1,,,,,,,,,,,,"No filming or data collection for any of the familiarisation trials. Trials done at 27C. Snakes given 30s settling in hutch (once half-door closed), then 4.5 add'l minutes of time outside hutch to freely explore. H264 codec. 90s is 260MB using this format. ",,,,,300
3,0,15,Fibonacci,0,0,1,,,,,,,,,,,,"No filming or data collection for any of the familiarisation trials. Trials done at 27C. Snakes given 30s settling in hutch (once half-door closed), then 4.5 add'l minutes of time outside hutch to freely explore. H264 codec. 90s is 260MB using this format. ",,,,,300
15,0,16,Bitey Boy,0,0,1,,,,,,,,,,,,"No filming or data collection for any of the familiarisation trials. Trials done at 27C. Snakes given 30s settling in hutch (once half-door closed), then 4.5 add'l minutes of time outside hutch to freely explore. H264 codec. 90s is 260MB using this format. ",,,,,300
13,0,17,Bright Sister,0,0,1,,,,,,,,,,,,"No filming or data collection for any of the familiarisation trials. Trials done at 27C. Snakes given 30s settling in hutch (once half-door closed), then 4.5 add'l minutes of time outside hutch to freely explore. H264 codec. 90s is 260MB using this format. ",,,,,300
18,0,18,Casper,0,0,1,,,,,,,,,,,,"No filming or data collection for any of the familiarisation trials. Trials done at 27C. Snakes given 30s settling in hutch (once half-door closed), then 4.5 add'l minutes of time outside hutch to freely explore. H264 codec. 90s is 260MB using this format. ",,,,,300
19,0,19,Chris' Hoplo,0,0,1,,,,,,,,,,,,"No filming or data collection for any of the familiarisation trials. Trials done at 27C. Snakes given 30s settling in hutch (once half-door closed), then 4.5 add'l minutes of time outside hutch to freely explore. H264 codec. 90s is 260MB using this format. ",,,,,300
17,1,1,Elapid Boy,2,1,1,14,0,0,no,15:42:00,,0,0,60,20,80,15s trial cuz changed sound file after this,0,0,0,0,15
14,1,2,Lumpy,0,1,1,16,0,0,no,15:50:00,,0,0,0,0,0,15s trial cuz changed sound file after this,0,0,0,0,15
4,1,3,Lower Jaw,1,1,1,26,0,0,no,,away from sound,0,0,0,30,30,15s trial snake already facing away from speaker. 15s trial cuz changed sound file after this,0,0,0,0,15
10,1,4,Briggs,2,1,1,7,0,0,no,16:18:00,away from sound,0,0,0,10,10,30s trial from here on out.,0,0,0,0,30
6,1,5,Upgrade,1,1,1,10,0,0,no,16:25:00,away from sound,0,0,0,80,80,,0,0,0,0,30
11,1,6,Glory,1,1,1,0,0,0,no,16:35:00,away from sound,0,0,0,0,0,,0,0,0,0,30
16,1,7,Dorsal Girl,0,1,1,26,0,0,no,16:42:00,toward the sound,20,20,20,0,60,,0,0,0,0,30
9,1,8,Perth Girl,0,1,1,0,0,0,no,16:48:00,left,0,0,0,0,0,,0,0,0,0,30
1,1,9,Squishy,3,1,1,36,1,0,no,16:54:00,right,10,10,0,35,55,,0,0,0,0,30
7,1,10,El Diablo,2,1,1,21,1,0,no,16:56:00,toward the sound,0,0,0,0,0,definite hiss half-way through the trial. Assumed defensive posture by pulling whole body behind head. Also dropped lower jaw!,1,1,1,0,30
8,1,11,Mr Naughty,0,1,2,25,0,0,no,09:00:00,toward the sound,50,20,0,20,90,,0,0,0,0,30
2,1,12,Boss,1,1,2,0,0,0,no,09:10:00,left,0,0,0,0,0,,0,0,0,0,30
5,1,13,Mawa,2,1,2,55,0,0,no,09:16:00,toward the sound,0,10,30,60,100,hissed when putting into hutch,0,0,0,0,30
12,1,14,Dull Sister,3,1,2,9,1,0,no,09:24:00,right,20,0,5,20,45,,0,0,0,0,30
3,1,15,Fibonacci,1,1,2,30,0,2,yes,09:31:00,left,0,100,50,20,170,hissed 3 times!,0,3,0,0,30
15,1,16,Bitey Boy,3,1,2,39,0,0,no,09:37:00,toward the sound,30,30,10,30,100,,0,0,0,0,30
13,1,17,Bright Sister,2,1,2,1,0,0,no,09:42:00,toward the sound,0,0,5,0,5,,0,0,0,0,30
18,1,18,Casper,2,1,2,34,0,0,no,09:48:00,away from sound,20,5,30,10,65,,0,0,0,0,30
19,1,19,Chris' Hoplo,3,1,2,35,0,0,no,09:53:00,away from sound,0,20,0,45,65,,0,0,0,0,30
17,1,1,Elapid Boy,2,1,2,33,1,5,yes,09:59:00,right,60,60,60,90,270,snake dropped lower jaw at Chris after trial. Not happy; Clear retreat behaviour 2/3rds into the trial. Snake has heavy blueing for a shed today.,0,0,0,0,30
14,1,2,Lumpy,0,1,2,51,0,0,yes,10:06:00,away from sound,20,20,80,70,190,moderate blueing of the eye for shed,0,0,0,0,30
4,1,3,Lower Jaw,1,1,2,48,0,0,yes,10:14:00,away from sound,5,10,80,10,105,"reversing movement whole time (ie, not in direction of head). ",0,0,0,0,30
1,2,1,Squishy,0,2,2,2,0,0,no,10:25:00,left,0,5,0,0,5,,0,0,0,0,30
3,2,2,Fibonacci,2,2,2,35,0,1,yes,10:35:00,left,30,70,40,80,220,hissed three times.,0,3,0,0,30
9,2,3,Perth Girl,2,2,2,10,0,0,no,10:41:00,away from sound,10,0,0,10,20,,0,0,0,0,30
6,2,4,Upgrade,2,2,2,7,0,0,no,11:14:00,away from sound,0,0,0,100,100,basically went straight out of grid without delay.,0,0,0,0,7.7
10,2,5,Briggs,3,2,2,6,0,0,no,11:20:00,away from sound,0,15,5,0,20,,0,0,0,0,30
17,2,6,Elapid Boy,3,2,2,30,0,3,no,11:26:00,left,0,40,100,80,220,head jerks were toward the speaker,0,0,0,0,30
16,2,7,Dorsal Girl,1,2,2,8,0,0,no,11:38:00,away from sound,25,0,10,10,45,,0,0,0,0,30
19,2,8,Chris' Hoplo,1,2,2,36,0,0,no,11:46:00,toward the sound,0,5,0,50,55,,0,0,0,0,30
11,2,9,Glory,2,2,2,0,0,0,no,11:53:00,away from sound,0,0,1,0,1,the 1cm movement of head was back toward body (so reverse direction).,0,0,0,0,30
14,2,10,Lumpy,3,2,2,47,0,2,yes,12:00:00,right,60,40,5,40,145,the 5cm toward the speaker was simply moving angle of the head,0,0,0,0,30
8,2,11,Mr Naughty,3,2,2,20,0,1,yes,12:10:00,toward the sound,20,40,0,30,90,,0,0,0,0,30
2,2,12,Boss,3,2,2,15,0,0,no,12:18:00,toward the sound,0,0,0,0,0,,0,0,0,0,30
12,2,13,Dull Sister,2,2,2,5,0,0,no,12:25:00,toward the sound,5,0,0,0,5,,0,0,0,0,30
7,2,14,El Diablo,2,2,2,15,0,0,no,12:31:00,away from sound,0,0,15,0,15,"the 15cm toward-speaker measurement was a reverse movement for a coil. hissed twice. Dropped lower jaw. For whole trial, maintained defensive posture that he had from the start of the trial. ",0,2,1,0,30
4,2,15,Lower Jaw,3,2,2,54,0,0,yes,13:33:00,right,15,0,80,50,145,,0,0,0,0,30
5,2,16,Mawa,1,2,2,45,0,0,no,13:42:00,right,0,0,80,70,150,,0,0,0,0,30
18,2,17,Casper,3,2,2,43,0,0,yes,13:49:00,left,10,10,10,30,60,,0,0,0,0,30
13,2,18,Bright Sister,0,2,2,13,0,0,no,13:54:00,right,5,10,20,0,35,,0,0,0,0,30
15,2,19,Bitey Boy,3,2,2,24,0,0,yes,14:00:00,right,50,0,30,10,90,,0,0,0,0,30
6,3,1,Upgrade,1,2,2,12,0,0,no,14:06:00,toward the sound,100,0,60,40,200,,0,0,0,0,14
9,3,2,Perth Girl,0,2,2,0,0,0,no,14:06:00,left,0,0,0,0,0,,0,0,0,0,30
14,3,3,Lumpy,2,2,2,45,1,1,no,14:21:00,left,10,0,40,40,90,rate of tongue flicking a few sec into the trial. Chris and Christina said defo seemed to respond to the sound. ,0,0,0,0,30
1,3,4,Squishy,2,2,2,4,0,0,no,14:38:00,toward the sound,0,0,0,0,0,,0,0,0,0,30
15,3,5,Bitey Boy,1,2,2,31,0,0,yes,14:45:00,right,0,0,40,50,90,,0,0,0,0,30
8,3,6,Mr Naughty,2,2,2,0,0,0,no,14:52:00,left,0,0,0,0,0,,0,0,0,0,30
4,3,7,Lower Jaw,2,2,2,43,0,2,no,14:58:00,away from sound,20,0,80,0,100,,0,0,0,0,30
12,3,8,Dull Sister,1,2,2,15,0,0,no,15:07:00,away from sound,0,20,0,40,60,Was trying to climb the wall of hutch prior to lifting hutch.,0,0,0,0,30
10,3,9,Briggs,3,2,2,2,0,0,no,15:14:00,toward the sound,0,0,0,0,0,"the 2 tongue flicks were right at the start, then none after that. Was trying to climb the wall of hutch prior to lifting hutch.",0,0,0,0,30
5,3,10,Mawa,1,2,2,53,0,0,yes,15:19:00,toward the sound,30,0,50,30,110,,0,0,0,0,30
11,3,11,Glory,0,2,2,0,0,0,no,15:26:00,away from sound,0,0,0,0,0,,0,0,0,0,30
19,3,12,Chris' Hoplo,1,2,2,35,0,0,no,16:02:00,left,0,25,10,5,40,,0,0,0,0,30
2,3,13,Boss,3,2,2,3,0,0,no,16:10:00,toward the sound,0,5,0,0,5,"she held her initial position the whole time, which was slightly raised whole time.",0,0,0,0,30
7,3,14,El Diablo,2,2,2,4,0,0,no,16:16:00,toward the sound,0,0,0,0,0,"two tongue flicks were at the first few sec of trial, then none rest of trial. Maintained same body position whole time. ",0,0,0,0,30
3,3,15,Fibonacci,1,2,2,33,0,1,yes,16:24:00,away from sound,0,40,60,70,170,"Really interesting behaviour: defensive retreat for most of the trial: head maintained same position but body reversing, gathering coils behind head. Like facing an enemy. Also hissed three times. ",1,3,0,0,30
16,3,16,Dorsal Girl,2,2,2,26,0,0,no,16:31:00,right,25,0,30,20,75,,0,0,0,0,30
17,3,17,Elapid Boy,0,2,2,32,0,0,no,16:37:00,right,40,60,100,80,280,"very different from last sound trial. Normal, non-angry, cruising behaviour. Vs angry and defensive behaviour at sound in last trial!",0,0,0,0,30
18,3,18,Casper,2,2,2,42,0,0,no,16:43:00,right,0,0,35,35,70,,0,0,0,0,30
13,3,19,Bright Sister,3,2,2,1,0,0,no,16:50:00,left,5,0,0,0,5,"1 tongue flick at start of trial, then 1 just after trial ended.",0,0,0,0,30
1,4,1,Squishy,2,2,3,5,0,0,no,08:41:00,toward the sound,0,5,0,0,5,seemed to have gone asleep. Haha,0,0,0,0,30
5,4,2,Mawa,2,2,3,48,1,1,no,08:47:00,toward the sound,30,40,30,60,160,"hissed once, sort of mid-way through trial.",0,1,0,0,30
15,4,3,Bitey Boy,3,2,3,4,0,0,no,08:53:00,away from sound,5,5,5,0,15,heavy blueing of the eyes today for a shed.,0,0,0,0,30
12,4,4,Dull Sister,3,2,3,0,0,0,no,08:58:00,right,0,0,0,0,0,,0,0,0,0,30
11,4,5,Glory,1,2,3,0,0,0,no,09:05:00,toward the sound,0,0,0,0,0,,0,0,0,0,30
3,4,6,Fibonacci,0,2,3,33,0,0,yes,09:11:00,away from sound,20,20,80,70,190,three hisses.,0,3,0,0,30
2,4,7,Boss,3,2,3,8,0,0,no,09:18:00,away from sound,0,0,0,0,0,head slightly raised off ground whole trial. ,0,0,0,0,30
6,4,8,Upgrade,2,2,3,28,0,0,no,09:24:00,away from sound,5,100,0,45,150,,0,0,0,0,25
7,4,9,El Diablo,0,2,3,na,na,na,na,09:30:00,na,na,na,na,na,na,mistrial b/c head under body when lifted body.,na,na,na,na,30
7,4,9,El Diablo,0,2,3,4,0,0,no,09:35:00,right,5,0,0,0,5,1 hiss. Dropped lower jaw. Coiled behind head and stayed there thereafter.,0,1,1,0,30
13,4,10,Bright Sister,2,2,3,3,0,0,no,09:40:00,away from sound,0,0,0,5,5,,0,0,0,0,30
10,4,11,Briggs,2,2,3,21,0,0,no,09:46:00,right,20,5,20,0,45,,0,0,0,0,30
14,4,12,Lumpy,3,2,3,24,1,0,no,09:53:00,away from sound,30,0,15,30,75,moderate blueing of the eye for shed,0,0,0,0,30
18,4,13,Casper,0,2,3,40,0,0,no,10:00:00,away from sound,0,20,30,0,50,,0,0,0,0,30
9,4,14,Perth Girl,0,2,3,17,0,0,no,10:53:00,toward the sound,0,10,0,25,35,,0,0,0,0,30
8,4,15,Mr Naughty,2,2,3,3,0,0,no,10:58:00,right,10,0,5,0,15,head eventually turned around to face speaker.,0,0,0,0,30
16,4,16,Dorsal Girl,3,2,3,20,1,0,no,11:03:00,away from sound,10,15,50,5,80,"that 1 freeze-behaviour was right when the sound started, ie. in response to the sound starting.",0,0,0,0,30
19,4,17,Chris' Hoplo,2,2,3,9,0,0,no,11:10:00,left,0,0,0,0,0,,0,0,0,0,30
4,4,18,Lower Jaw,2,2,3,35,0,0,yes,11:15:00,left,30,0,45,25,100,,0,0,0,0,30
17,4,19,Elapid Boy,1,2,3,33,0,7,no,11:23:00,toward the sound,0,20,20,65,105,"this head-flicking behaviour seems to be how he's choosing to move atm. But we're calling it head-flicks and are doing so for every trial for him, obviously regardless of trial type.",0,0,0,0,30
2,5,1,Boss,1,1,3,2,0,0,no,11:32:00,toward the sound,0,0,0,0,0,stopped tongue-flicking immediately when the sound started. ,0,0,0,0,30
19,5,2,Chris' Hoplo,2,1,3,25,0,0,yes,11:38:00,left,0,4,15,5,24,,0,0,0,0,30
7,5,3,El Diablo,1,1,3,25,0,3,no,11:44:00,toward the sound,0,5,0,5,10,"defensive gathering of coils behind head and kept head rised, ready for a strike. Hissed twice. Also dropped lower jaw slightly. ",0,2,1,0,30
3,5,4,Fibonacci,1,1,3,27,0,0,yes,11:52:00,away from sound,20,20,30,40,110,4 hisses.,0,4,0,0,30
1,5,5,Squishy,1,1,3,0,0,0,no,11:58:00,toward the sound,0,0,0,0,0,we think he fell asleep.,0,0,0,0,30
11,5,6,Glory,0,1,3,21,0,0,no,12:04:00,left,20,0,25,0,45,,0,0,0,0,30
14,5,7,Lumpy,2,1,3,49,0,0,yes,12:13:00,left,5,75,35,20,135,,0,0,0,0,30
6,5,8,Upgrade,3,1,3,19,0,0,no,12:19:00,toward the sound,40,40,150,0,230,,0,0,0,0,19
17,5,9,Elapid Boy,2,1,3,24,0,9,yes,12:28:00,away from sound,30,20,65,30,145,"initially, cautionary exploratory, before started to travel. Interesting raising of head (periscoping to get better view of surroundings) into the air on two occasions: 10cm then 30cm next time. ",0,0,0,2,30
18,5,10,Casper,1,1,3,40,0,0,no,13:30:00,left,5,20,20,5,50,,0,0,0,0,30
9,5,11,Perth Girl,3,1,3,0,0,0,no,13:36:00,right,0,0,0,0,0,,0,0,0,0,30
12,5,12,Dull Sister,1,1,3,16,0,0,no,13:43:00,left,10,0,0,35,45,,0,0,0,0,30
4,5,13,Lower Jaw,3,1,3,34,1,1,no,13:49:00,toward the sound,10,0,0,45,55,,0,0,0,0,30
15,5,14,Bitey Boy,0,1,3,0,0,0,no,13:57:00,left,0,0,0,0,0,heavy blueing of the eyes today for a shed.,0,0,0,0,30
10,5,15,Briggs,3,1,3,1,0,0,no,14:01:00,right,0,1,0,0,1,,0,0,0,0,30
16,5,16,Dorsal Girl,0,1,3,4,0,0,no,14:08:00,away from sound,0,0,20,0,20,6cm periscoping of head (looking at the box above her slightly swaying back and forth),0,0,0,1,30
13,5,17,Bright Sister,2,1,3,1,0,0,no,14:10:00,right,0,0,0,0,0,"she brought the back end of her body closer to her, but head stayed same position.",0,0,0,0,30
5,5,18,Mawa,3,1,3,47,0,0,no,14:18:00,toward the sound,60,0,45,65,170,,0,0,0,0,30
8,5,19,Mr Naughty,0,1,3,2,0,0,no,14:24:00,toward the sound,5,0,0,0,5,,0,0,0,0,30
16,6,1,Dorsal Girl,3,1,3,31,1,0,no,14:30:00,toward the sound,5,20,30,0,55,"froze at very end of trial when got closest to the speaker, and stopped flicking tongue at that very moment too. ",0,0,0,0,30
13,6,2,Bright Sister,3,1,3,8,0,0,no,14:36:00,left,0,0,5,0,5,,0,0,0,0,30
15,6,3,Bitey Boy,2,1,3,45,0,0,no,14:41:00,left,5,0,40,10,55,,0,0,0,0,30
1,6,4,Squishy,1,1,3,22,1,0,no,14:50:00,left,0,0,40,0,40,,0,0,0,0,30
17,6,5,Elapid Boy,0,1,3,30,0,0,no,14:59:00,toward the sound,0,0,90,85,175,periscoped about 6cm on two occasions. ,0,0,0,2,30
4,6,6,Lower Jaw,0,1,3,46,0,0,no,15:05:00,toward the sound,10,10,0,90,110,,0,0,0,0,30
2,6,7,Boss,1,1,3,6,0,0,no,15:12:00,away from sound,0,0,0,0,0,"did not move a muscle the whole time. Alert, but choosing not to move. ",0,0,0,0,30
18,6,8,Casper,3,1,3,36,0,0,no,15:19:00,left,10,0,20,15,45,boring!,0,0,0,0,30
12,6,9,Dull Sister,0,1,3,23,0,0,no,15:26:00,toward the sound,20,0,45,0,65,,0,0,0,0,30
10,6,10,Briggs,2,1,3,0,0,0,no,15:58:00,away from sound,0,0,0,0,0,,0,0,0,0,30
19,6,11,Chris' Hoplo,3,1,3,0,0,0,no,16:05:00,right,0,0,0,0,0,absolutely no behaviour to record. Sat there like a dead snake.,0,0,0,0,30
8,6,12,Mr Naughty,2,1,3,29,1,0,no,16:09:00,away from sound,20,5,85,0,110,,0,0,0,0,30
6,6,13,Upgrade,3,1,3,18,1,0,no,16:15:00,left,25,0,130,40,195,,0,0,0,0,17
11,6,14,Glory,1,1,3,0,0,0,no,16:23:00,toward the sound,0,0,0,0,0,,0,0,0,0,30
14,6,15,Lumpy,1,1,3,47,1,3,yes,16:28:00,away from sound,0,50,90,0,140,"very interesting response. Like he was trying to work out where the sound was coming from, and then when he faced the speaker, he kept his direction and head in the same spot. Fixation at 26sec",1,0,0,0,30
3,6,16,Fibonacci,1,1,3,33,1,0,no,16:34:00,toward the sound,50,0,35,20,105,"as soon as sound was gone, he changed direction. He maintained his head direction facing the sound source whilst moving perpendicular to the sound. Keeping eye on threat source but move away: typical taipan behaviour. ",1,0,0,0,30
7,6,17,El Diablo,3,1,3,1,0,0,no,16:45:00,right,0,0,0,0,0,,0,0,0,0,30
9,6,18,Perth Girl,3,1,4,0,0,0,no,08:54:00,away from sound,0,0,0,0,0,,0,0,0,0,30
5,6,19,Mawa,3,1,4,56,0,0,yes,09:04:00,left,0,0,0,0,0,,0,0,0,0,30
12,7,1,Dull Sister,2,1,4,0,0,0,no,09:11:00,away from sound,0,0,0,0,0,"at start of trial, moved back half of body inward, toward the rest of her body. ",0,0,0,0,30
2,7,2,Boss,0,1,4,3,0,0,no,09:18:00,toward the sound,0,0,0,0,0,,0,0,0,0,30
14,7,3,Lumpy,2,1,4,38,0,0,no,09:23:00,left,0,40,10,50,100,moderate blueing of the eye for shed,0,0,0,0,30
9,7,4,Perth Girl,1,1,4,0,0,0,no,09:28:00,away from sound,0,0,0,0,0,,0,0,0,0,30
16,7,5,Dorsal Girl,1,1,4,35,0,0,no,09:33:00,toward the sound,0,5,20,45,70,,0,0,0,0,30
5,7,6,Mawa,1,1,4,52,1,12,no,09:40:00,toward the sound,20,15,30,35,100,all head jerks were small. Not normal for this snake this movement. Unusual for this snake. Like he was fixated on the ground. Lots of short tongue flicks scenting the ground. Possibly scenting where his own body just was?,0,0,0,0,30
4,7,7,Lower Jaw,1,1,4,40,0,0,yes,09:47:00,toward the sound,0,15,50,55,120,"all distance moved was in reverse, ie. not forward of the head. Like a swivel.",0,0,0,0,30
10,7,8,Briggs,1,1,4,0,0,0,no,09:53:00,away from sound,0,0,0,0,0,,0,0,0,0,30
13,7,9,Bright Sister,3,1,4,2,0,0,no,09:59:00,away from sound,0,0,0,5,5,"right when sound started, she moved 1cm in direction of head.",0,0,0,0,30
7,7,10,El Diablo,3,1,4,0,0,0,no,10:06:00,away from sound,0,0,10,0,10,"one big hissed. Dropped lower jaw. Immediately once sound started, he retracted head backwards toward body. Like in response to sound. ",0,1,1,0,30
8,7,11,Mr Naughty,1,1,4,,,,,,,,,,,0,skipped cuz AEC lady here and snake is stroke-like.,na,na,na,na,30
6,7,12,Upgrade,3,1,4,16,0,0,no,10:13:00,toward the sound,0,0,100,0,100,,0,0,0,0,30
11,7,13,Glory,2,1,4,,,,,,,,,,,,redo b/c couldn't see tongue flicks,na,na,na,na,30
17,7,14,Elapid Boy,0,1,4,8,0,1,no,10:28:00,toward the sound,0,0,0,0,0,"just when trial ended, did one small head-jerk.",0,0,0,0,30
19,7,15,Chris' Hoplo,3,1,4,24,0,0,no,10:33:00,right,10,0,10,3,23,,0,0,0,0,30
15,7,16,Bitey Boy,0,1,4,,,,,,,,,,,,skipped cuz AEC lady here and snake is blue.,na,na,na,na,30
1,7,17,Squishy,3,1,4,16,0,1,yes,10:40:00,toward the sound,3,15,30,15,63,,0,0,0,0,30
3,7,18,Fibonacci,2,1,4,29,1,3,yes,10:50:00,right,10,10,50,50,120,"a very interesting one! Right when sound started, he pulled his head back rapidly. Thereafter it was cautious and tense behaviour. ",1,0,0,0,30
18,7,19,Casper,2,1,4,38,0,0,no,10:56:00,right,0,8,0,40,48,,0,0,0,0,30
8,7,11,Mr Naughty,1,1,4,15,0,1,no,11:53:00,left,5,5,0,20,30,copied row here from above b/c skipped earlier today. Head jerk was when he touched himself. This snake is a bit special. Possibly had a stroke a few months back. ,0,0,0,0,30
11,7,13,Glory,2,1,4,0,0,0,no,11:59:00,toward the sound,0,0,0,0,0,"copied row here from above b/c skipped earlier today. Whilst head did not move, back half of body moved to left about 20cm. Not in coiling-toward-body fashion though. ",0,0,0,0,30
15,7,16,Bitey Boy,0,1,4,15,0,0,no,12:06:00,left,5,0,10,0,15,copied row here from above b/c skipped earlier today. ,0,0,0,0,30
18,8,1,Casper,0,2,4,33,0,0,no,12:11:00,right,0,15,15,5,35,,0,0,0,0,30
7,8,2,El Diablo,1,2,4,1,0,0,no,12:16:00,toward the sound,0,0,1,0,1,"shifted direction of head slightly when the sound started. Important: Started trial in a defensive posture (tension in the body, slightly coiled backward) and maintained that exact position the whole trial. ",0,0,0,0,30
6,8,3,Upgrade,0,2,4,40,0,0,no,12:24:00,toward the sound,120,60,60,20,260,Ugrgrade actually made it through a trial! ,0,0,0,0,30
19,8,4,Chris' Hoplo,3,2,4,23,0,0,no,12:33:00,left,0,0,7,7,14,,0,0,0,0,30
8,8,5,Mr Naughty,0,2,4,27,0,0,no,12:41:00,right,60,0,10,20,90,,0,0,0,0,30
3,8,6,Fibonacci,0,2,4,33,0,0,yes,13:44:00,toward the sound,40,20,40,40,140,3 hisses. ,0,3,0,0,30
17,8,7,Elapid Boy,2,2,4,32,0,13,no,13:50:00,right,20,20,140,80,260,lots of little head-jerks nearly whole time during the trial. ,0,0,0,0,30
1,8,8,Squishy,3,2,4,26,0,0,no,13:58:00,right,0,0,30,105,135,"he stopped moving right when the sound stopped, so like a reaction to a difference in the sound. ",0,0,0,0,30
11,8,9,Glory,3,2,4,0,0,0,no,14:06:00,away from sound,0,0,0,0,0,,0,0,0,0,30
2,8,16,Boss,1,2,4,7,0,0,no,14:12:00,left,10,0,5,3,18,"once settled into position, she kept her position whole time, with head raised about 5cm.",0,0,0,0,30
13,8,10,Bright Sister,1,2,4,0,0,0,no,14:23:00,toward the sound,0,0,0,0,0,,0,0,0,0,30
9,8,11,Perth Girl,1,2,4,0,0,0,no,14:31:00,away from sound,0,0,0,0,0,,0,0,0,0,30
5,8,12,Mawa,3,2,4,44,0,0,no,14:39:00,right,5,5,0,25,35,seemed to be fixated on a patch of the ground. ,0,0,0,0,30
16,8,13,Dorsal Girl,1,2,4,22,0,0,no,14:52:00,away from sound,0,53,10,28,91,,0,0,0,0,30
14,8,14,Lumpy,0,2,4,48,0,0,no,14:59:00,away from sound,5,70,30,15,120,heavy blueing of the eyes today for a shed.,0,0,0,0,30
10,8,15,Briggs,1,2,4,0,0,0,no,15:09:00,left,0,0,0,0,0,,0,0,0,0,30
4,8,17,Lower Jaw,0,2,4,42,0,0,no,15:14:00,away from sound,0,40,40,50,130,,0,0,0,0,30
12,8,18,Dull Sister,0,2,4,5,0,0,no,15:22:00,toward the sound,1,3,7,0,11,,0,0,0,0,30
15,8,19,Bitey Boy,2,2,4,7,0,0,no,15:28:00,toward the sound,0,0,0,5,5,heavy blueing of the eyes today for a shed.,0,0,0,0,30
6,9,1,Upgrade,0,2,4,19,0,0,no,16:02:00,away from sound,0,0,0,100,100,,0,0,0,0,11.2
13,9,2,Bright Sister,2,2,4,1,0,0,no,16:11:00,left,0,0,0,2,2,"a few seconds into the trial, she moved the back half of her body about 5cm closer toward the head. ",0,0,0,0,30
3,9,3,Fibonacci,3,2,4,19,1,4,no,16:18:00,toward the sound,30,5,5,30,70,"in response to sound, head turned directly toward the speaker. Within trial, for a portion, he kept his head stationary and repositioned body. So defensive fixation behaviour. ",2,0,0,0,30
2,9,4,Boss,3,2,4,43,0,0,no,16:26:00,toward the sound,40,0,110,55,205,"didn't seem to take note of sound. Also, already moving forward when the sound started. ",0,0,0,0,30
10,9,5,Briggs,3,2,4,1,0,0,no,16:37:00,away from sound,0,0,0,3,3,"the one tongue flick was right at the start of the trial, then none. ",0,0,0,0,30
17,9,6,Elapid Boy,1,2,4,28,0,7,no,16:42:00,toward the sound,0,50,10,85,145,,0,0,0,0,30
16,9,7,Dorsal Girl,3,2,4,30,0,0,no,16:48:00,away from sound,10,20,30,40,100,,0,0,0,0,30
1,9,8,Squishy,0,2,5,32,0,0,no,08:45:00,away from sound,5,8,50,20,83,,0,0,0,0,30
4,9,9,Lower Jaw,0,2,5,48,0,0,yes,08:55:00,away from sound,50,20,50,40,160,,0,0,0,0,30
14,9,10,Lumpy,1,2,5,42,0,0,no,09:03:00,right,20,10,50,40,120,"heavy blueing of the eyes today for a shed. Fixation behaviour at end of trial: head facing sound while gathering tail around to behind the body. Lasted 3-4s though, so not as long as Fibby has done when I've called it fixation behaviour. ",1,0,0,0,30
12,9,11,Dull Sister,1,2,5,0,0,0,no,09:07:00,away from sound,0,0,0,0,0,,0,0,0,0,30
7,9,12,El Diablo,2,2,5,6,0,0,no,09:16:00,away from sound,0,5,0,0,5,pivotted at the head and moved the front half of his body around his head. Chris thinks doesn't classify as fixation behaviour. I agree.,0,0,0,0,30
19,9,13,Chris' Hoplo,0,2,5,12,0,0,no,09:20:00,away from sound,0,0,3,2,5,started to move a few seconds at end of trial and continued to move after trial- increasingly once commotion in room from ending trial. ,0,0,0,0,30
11,9,14,Glory,1,2,5,0,0,0,no,09:27:00,away from sound,0,0,0,0,0,,0,0,0,0,30
5,9,15,Mawa,2,2,5,45,0,3,no,09:32:00,toward the sound,5,2,0,35,42,"angled head up at one stage briefly, and also down at one stage briefly. The 3 head jerks were subtle, but Chris says they are head jerks. ",0,0,0,0,30
15,9,16,Bitey Boy,0,2,5,6,0,0,no,09:40:00,away from sound,5,0,0,0,5,low level blueing of eyes. About to shed very soon.,0,0,0,0,30
18,9,17,Casper,3,2,5,40,0,0,no,09:46:00,toward the sound,5,0,0,30,35,,0,0,0,0,30
9,9,18,Perth Girl,2,2,5,0,0,0,no,09:53:00,toward the sound,0,0,0,0,0,,0,0,0,0,30
8,9,19,Mr Naughty,1,2,5,22,0,0,no,09:59:00,right,10,20,50,10,90,whole time seemed focused on getting his body sorted. Retarded mover. Somewhat knotted himself and had loops he had to work to the back of his body. ,0,0,0,0,30
15,10,1,Bitey Boy,1,2,5,11,0,0,no,10:05:00,away from sound,0,5,10,5,20,Body moved more than head: pulled back of body a bit closer to body. ,0,0,0,0,30
12,10,2,Dull Sister,0,2,5,0,0,0,no,10:47:00,away from sound,0,0,1,0,1,,0,0,0,0,30
9,10,3,Perth Girl,3,2,5,4,0,0,no,10:53:00,away from sound,0,0,0,10,10,bit of movement just at the end.,0,0,0,0,30
19,10,4,Chris' Hoplo,0,2,5,1,0,0,no,10:58:00,away from sound,0,0,0,0,0,,0,0,0,0,30
17,10,5,Elapid Boy,3,2,5,27,2,12,no,11:05:00,toward the sound,0,0,100,90,190,also about 5cm periscoping of head too (2/3rd through the trial). Note with the head-jerking behaviour: the only other time we notice him doing this is when Chris approaches him. So Chris says defo a defensive behaviour. ,0,0,0,1,30
18,10,6,Casper,3,2,5,33,0,0,no,11:10:00,toward the sound,0,25,15,15,55,,0,0,0,0,30
6,10,7,Upgrade,1,2,5,33,0,0,no,11:17:00,right,0,10,5,0,15,started trial with head raised and maintained that position for duration of trial.,0,0,0,0,30
2,10,8,Boss,2,2,5,32,0,0,no,11:26:00,right,0,0,70,0,70,"she turned toward the speaker and in about 6sec then decided to progress directly toward it, though cautiously (slowly). Moving slowly directly toward the sub. ",0,0,0,0,30
10,10,9,Briggs,1,2,5,2,0,0,no,11:34:00,away from sound,0,0,0,4,4,"moved back half of body twice, once each after slight movement of head forward. So, like he was thinking of going somewhere and then didn't.",0,0,0,0,30
3,10,10,Fibonacci,0,2,5,32,1,0,yes,11:41:00,right,20,10,35,15,80,"1 hiss. Fixation on us at the end, whereby he kept facing us and pulled head back slightly and moved first 1/3 of his body. I think he did this on another trial too.  ",1,1,0,0,30
16,10,11,Dorsal Girl,0,2,5,29,0,0,no,11:51:00,toward the sound,25,20,10,35,90,,0,0,0,0,30
14,10,12,Lumpy,0,2,5,28,0,0,no,11:58:00,right,30,30,50,20,130,,0,0,0,0,30
4,10,13,Lower Jaw,1,2,5,41,0,1,yes,12:04:00,toward the sound,30,45,5,60,140,,0,0,0,0,30
1,10,14,Squishy,1,2,5,15,0,0,no,12:13:00,toward the sound,5,0,0,10,15,,0,0,0,0,30
11,10,15,Glory,0,2,5,14,0,0,no,13:16:00,toward the sound,0,2,10,0,12,"took a while to get moving, but once decided to go, went and continued. ",0,0,0,0,30
5,10,16,Mawa,0,2,5,50,0,0,no,13:22:00,right,35,10,25,0,70,,0,0,0,0,30
13,10,17,Bright Sister,1,2,5,1,0,0,no,13:27:00,toward the sound,0,0,0,0,0,,0,0,0,0,30
8,10,18,Mr Naughty,0,2,5,22,0,0,no,13:33:00,away from sound,5,40,30,15,90,,0,0,0,0,30
7,10,19,El Diablo,1,2,5,4,0,0,no,13:38:00,toward the sound,0,0,0,0,0,"1 hiss (toward end of trial). He also pulled his body a bit closer together at that point, with head staying still. At that point, pulled the tail closer to the body by about 5cm. ",0,1,0,0,30
15,11,1,Bitey Boy,2,1,5,16,0,0,no,13:54:00,left,2,15,0,15,32,Played at 87dB. snake gathered coils and then sat there (asleep probs) for rest of trial. ,0,0,0,0,30
5,11,2,Mawa,0,1,5,44,0,0,no,13:58:00,toward the sound,40,0,17,35,92,,0,0,0,0,30
13,11,3,Bright Sister,1,1,5,5,0,0,no,14:06:00,right,0,0,2,3,5,"Played at 87dB. just the head moved (side to side), not the body. ",0,0,0,0,30
9,11,4,Perth Girl,1,1,5,14,0,0,no,14:12:00,away from sound,0,3,0,30,33,,0,0,0,0,30
14,11,5,Lumpy,3,1,5,23,0,0,no,14:18:00,away from sound,80,0,95,0,175,,0,0,0,0,30
16,11,6,Dorsal Girl,1,1,5,24,0,0,no,14:24:00,toward the sound,5,0,10,40,55,,0,0,0,0,30
4,11,7,Lower Jaw,2,1,5,37,0,0,no,14:29:00,toward the sound,20,0,0,100,120,,0,0,0,0,30
12,11,8,Dull Sister,2,1,5,0,0,0,no,14:35:00,toward the sound,0,0,0,0,0,"Played at 87dB. maintained head position slightly lifted off the ground for whole trial, which is how she came out of the hutch b/c was trying to scale the inside of the box when lifted it. ",0,0,0,0,30
10,11,9,Briggs,0,1,5,0,0,0,no,14:41:00,away from sound,0,0,0,0,0,,0,0,0,0,30
1,11,10,Squishy,0,1,5,24,0,0,no,14:47:00,right,20,40,0,10,70,,0,0,0,0,30
3,11,11,Fibonacci,2,1,5,22,1,1,no,14:54:00,left,10,5,40,15,70,"Played at 87dB. stopped head movement exactly when sound started. Fixation behaviour twice (head raised and alert and static, whilst gathered some coils: at start and at end. ",2,0,0,0,30
6,11,12,Upgrade,0,1,5,19,0,0,no,15:00:00,right,0,100,60,0,160,13.5,0,0,0,0,30
8,11,13,Mr Naughty,1,1,5,1,0,0,no,15:33:00,away from sound,0,0,0,0,0,Played at 87dB. ,0,0,0,0,30
19,11,14,Chris' Hoplo,2,1,5,14,0,0,no,16:00:00,toward the sound,0,0,0,12,12,Played at 87dB. ,0,0,0,0,30
2,11,15,Boss,0,1,5,3,0,0,no,16:07:00,toward the sound,2,0,0,0,2,,0,0,0,0,30
17,11,16,Elapid Boy,3,1,5,29,4,18,no,16:13:00,away from sound,40,0,90,35,165,lots of little head-jerks nearly whole time during the trial. ,0,0,0,0,30
7,11,17,El Diablo,3,1,5,16,0,0,no,16:19:00,away from sound,0,2,1,0,3,1 hiss 2/3rds through trial. Kept initial defensive pose for whole trial.,0,1,0,0,30
18,11,18,Casper,1,1,5,39,0,0,no,16:24:00,away from sound,12,2,40,3,57,Played at 87dB. ,0,0,0,0,30
11,11,19,Glory,3,1,5,0,0,0,no,16:31:00,left,0,0,0,0,0,moved tail ~5cm toward his body.,0,0,0,0,30
6,12,1,Upgrade,2,2,5,26,0,0,no,16:39:00,left,60,40,160,0,260,,0,0,0,0,30
15,11,1,Bitey Boy,2,1,6,3,0,1,no,09:29:00,away from sound,3,0,0,0,3,"just shed this morn, so eyes clear now. Head-jerk straight away when sound started. ",0,0,0,0,30
13,11,3,Bright Sister,1,1,6,1,0,0,no,09:34:00,right,0,0,0,2,2,,0,0,0,0,30
9,11,4,Perth Girl,1,1,6,15,0,0,no,09:39:00,away from sound,0,0,0,95,95,,0,0,0,0,30
16,11,6,Dorsal Girl,1,1,6,31,1,0,no,09:43:00,right,10,10,5,20,45,,0,0,0,0,30
4,11,7,Lower Jaw,2,1,6,37,1,0,yes,09:48:00,away from sound,10,40,80,15,145,,0,0,0,0,30
12,11,8,Dull Sister,2,1,6,0,0,0,no,09:52:00,right,0,0,0,0,0,,0,0,0,0,30
3,11,11,Fibonacci,2,1,6,36,0,1,yes,10:03:00,left,20,50,40,60,170,,1,0,0,0,30
8,11,13,Mr Naughty,1,1,6,8,0,0,no,10:09:00,away from sound,0,10,0,2,12,,0,0,0,0,30
19,11,14,Chris' Hoplo,2,1,6,3,0,0,no,10:14:00,toward the sound,0,0,0,0,0,little tail readjustment 2cm about 20s into trial.,0,0,0,0,30
18,11,18,Casper,1,1,6,33,0,0,no,10:18:00,left,10,0,2,35,47,,0,0,0,0,30
3,12,1,Fibonacci,3,2,6,30,0,0,yes,10:23:00,left,40,20,45,20,125,says side 1 on box but actually side 2,0,2,0,0,30
13,12,2,Bright Sister,0,2,6,9,0,0,no,10:28:00,right,0,0,7,3,10,,0,0,0,0,30
1,12,3,Squishy,2,2,6,23,1,1,no,10:34:00,right,45,10,10,20,85,,0,0,0,0,30
9,12,4,Perth Girl,1,2,6,16,0,0,no,10:39:00,toward the sound,5,0,40,0,45,she lifted her head briefly and about 1cm aboutu half way through her movement forward.,0,0,0,0,30
8,12,5,Mr Naughty,3,2,6,0,0,0,no,10:44:00,away from sound,0,0,0,0,0,,0,0,0,0,30
16,12,6,Dorsal Girl,3,2,6,22,0,0,no,10:49:00,left,15,20,45,30,110,,0,0,0,0,30
12,12,7,Dull Sister,3,2,6,0,0,0,no,10:53:00,left,0,1,0,0,1,"when moved head back 1cm, her tail was pulled in about 2cm as well. Otherwise no movement.",0,0,0,0,30
14,12,8,Lumpy,1,2,6,39,0,0,no,11:29:00,toward the sound,20,50,20,50,140,light blueing of eyes. About to shed,0,0,0,0,30
19,12,9,Chris' Hoplo,2,2,6,19,0,0,no,11:40:00,away from sound,0,0,14,0,14,,0,0,0,0,30
7,12,11,El Diablo,1,2,6,2,0,0,no,11:45:00,toward the sound,0,0,0,0,0,,0,0,0,0,30
5,12,12,Mawa,0,2,6,41,0,0,no,11:51:00,away from sound,40,60,40,20,160,,0,0,0,0,30
4,12,13,Lower Jaw,1,2,6,32,2,0,no,11:56:00,right,40,15,80,75,210,,0,0,0,0,30
11,12,14,Glory,3,2,6,0,0,0,no,12:02:00,right,0,0,0,0,0,,0,0,0,0,30
18,12,15,Casper,0,2,6,45,0,0,no,12:07:00,right,5,22,0,20,47,,0,0,0,0,30
2,12,16,Boss,0,2,6,0,0,0,no,12:13:00,right,0,0,0,0,0,"head was slightly raised off ground about 8cm at start of trial and kept it there, motionless the whole time. ",0,0,0,0,30
17,12,17,Elapid Boy,1,2,6,16,0,4,no,12:19:00,right,0,40,60,20,120,periscoped about 6cm on one occasion. ,0,0,0,1,16.4
10,12,18,Briggs,0,2,6,1,0,0,no,12:25:00,toward the sound,2,0,0,0,2,,0,0,0,0,30
15,12,19,Bitey Boy,0,2,6,8,0,0,no,12:31:00,right,0,0,0,12,12,,0,0,0,0,30
6,13,1,Upgrade,0,1,6,18,0,0,no,12:36:00,right,0,0,0,0,0,came out with head up about 20cm and kept it up the whole trial.,0,0,0,0,30
19,13,2,Chris' Hoplo,1,1,6,0,0,0,no,13:35:00,toward the sound,0,0,0,0,0,,0,0,0,0,30
12,13,3,Dull Sister,1,1,6,0,0,0,no,13:40:00,away from sound,0,0,0,0,0,,0,0,0,0,30
1,13,4,Squishy,2,1,6,15,0,1,no,13:46:00,away from sound,0,0,20,20,40,,0,0,0,0,30
7,13,5,El Diablo,0,1,6,21,0,0,no,13:52:00,toward the sound,0,7,5,0,12,"pulled tail in a bit too when moved head. Also, started trial with head coiled back ready to strike and kept that position whole trial. ",0,2,0,0,30
18,13,6,Casper,2,1,6,38,0,0,no,13:58:00,left,8,8,50,0,66,,0,0,0,0,30
14,13,7,Lumpy,0,1,6,46,0,0,no,14:04:00,away from sound,0,25,35,35,95,eyes now clear cuz about to shed.,0,0,0,0,30
8,13,8,Mr Naughty,3,1,6,37,0,0,no,14:09:00,away from sound,0,5,40,60,105,,0,0,0,0,30
13,13,9,Bright Sister,0,1,6,0,0,0,no,14:15:00,away from sound,0,0,0,0,0,,0,0,0,0,30
5,13,10,Mawa,0,1,6,46,0,1,no,14:20:00,away from sound,10,20,65,50,145,,0,0,0,0,30
15,13,11,Bitey Boy,1,1,6,14,0,0,no,14:29:00,toward the sound,0,10,5,5,20,,0,0,0,0,30
4,13,12,Lower Jaw,0,1,6,38,0,0,yes,14:35:00,right,5,35,55,90,185,,0,0,0,0,30
3,13,13,Fibonacci,3,1,6,18,1,0,no,14:45:00,left,0,0,25,0,25,moved head super slowly toward the sound.,0,0,0,0,30
11,13,14,Glory,2,1,6,4,1,0,no,14:53:00,away from sound,0,0,0,5,5,"freeze behaviour b/c when stopped it was not in natural sitting position, unlike all other times when a death adder stopped. ",0,0,0,0,30
17,13,15,Elapid Boy,2,1,6,32,0,2,no,14:59:00,left,10,0,120,0,130,"took off left in response to hutch being lifted, then pulled a 90 degree turn toward sub and maintained that heading for rest of trial. Like someone shaking a rat over the sub, Chris says. Like why change behaviour so suddenly and completely without a stimulus?",0,0,0,0,30
2,13,16,Boss,2,1,6,8,0,0,no,15:11:00,toward the sound,0,0,0,0,0,kept slightly raised (5cm head position the whole time).,0,0,0,0,30
16,13,17,Dorsal Girl,0,1,6,0,0,0,no,15:16:00,right,0,0,0,5,5,,0,0,0,0,30
9,13,18,Perth Girl,0,1,6,0,0,0,no,15:23:00,toward the sound,0,4,0,0,4,"moved tail inward when stopped, so not freeze behaviour. ",0,0,0,0,30
10,13,19,Briggs,1,1,6,0,0,0,no,15:33:00,left,0,0,0,0,0,slight movement of tail inward toward body.,0,0,0,0,30
6,14,1,Upgrade,3,1,6,20,0,0,no,16:19:00,toward the sound,0,0,10,0,10,"had head raised~10cm when hutch removed, and kept it there whole time. Slightly moved head 1cm toward speaker.",0,0,0,0,30
14,14,2,Lumpy,3,1,6,47,0,0,no,16:26:00,toward the sound,10,15,60,70,155,,0,0,0,0,30
2,14,3,Boss,2,1,6,11,0,0,no,16:33:00,toward the sound,0,10,0,0,10,stayed in alert posture (head slightly raised) whole time. Same posture whole time. ,0,0,0,0,30
8,14,4,Mr Naughty,1,1,6,27,0,0,no,16:38:00,away from sound,0,40,130,20,190,,0,0,0,0,30
4,14,5,Lower Jaw,3,1,6,40,0,0,no,16:38:00,right,40,20,120,20,200,changed direction to head toward the speaker. Spent some time to check it out.,0,0,0,0,30
1,14,6,Squishy,3,1,6,6,0,0,no,16:51:00,toward the sound,2,7,0,0,9,,0,0,0,0,30
5,14,7,Mawa,1,1,6,30,0,0,no,16:57:00,away from sound,20,10,50,10,90,"started heading way, then changed direction to head toward the speaker. ",0,0,0,0,30
12,14,8,Dull Sister,0,1,7,0,0,0,no,08:35:00,toward the sound,0,0,2,0,2,just the head slightly moved,0,0,0,0,30
19,14,9,Chris' Hoplo,1,1,7,14,0,0,no,08:42:00,toward the sound,3,0,0,2,5,"just before this trial, we accidentally played sound from side 2, so re-trial straight away after reset.",0,0,0,0,30
3,14,10,Fibonacci,0,1,7,28,0,2,yes,08:49:00,right,30,10,30,20,90,,0,0,0,0,30
10,14,11,Briggs,2,1,7,17,0,0,no,08:56:00,right,20,0,15,0,35,moved head to the point where whole body was in horseshoe shape.,0,0,0,0,30
17,14,12,Elapid Boy,0,1,7,22,0,3,yes,09:00:00,toward the sound,30,25,35,45,135,,0,0,0,0,30
15,14,13,Bitey Boy,3,1,7,5,0,0,no,09:06:00,away from sound,0,0,25,0,25,Eyes fully clear cuz shed yesterday morning before day of trials began. Back of body moving slightly toward head prior to sound and stopped exactly on cue when sound started. Coincidence? Who knows.,0,0,0,0,30
16,14,14,Dorsal Girl,2,1,7,9,0,0,no,09:13:00,away from sound,25,0,80,13,118,stopped forward movement on cue when sound stopped.,0,0,0,0,30
7,14,15,El Diablo,3,1,7,0,0,0,no,09:21:00,toward the sound,0,0,0,0,0,we think he may have fallen asleep.,0,0,0,0,30
18,14,16,Casper,1,1,7,32,0,0,no,09:28:00,toward the sound,0,3,0,30,33,,0,0,0,0,30
9,14,17,Perth Girl,3,1,7,0,0,0,no,09:35:00,away from sound,0,0,0,0,0,,0,0,0,0,30
4,15,2,Lower Jaw,2,1,7,13,0,0,yes,09:44:00,toward the sound,5,55,40,55,155,"Mistrial b/c I narrated the trial for a Science Vs. podcast (quietly though so I'd say usable data, actually. Dropped lower jaw just before trial after the snake hutch was removed.",0,0,0,0,30
4,15,2,Lower Jaw,2,1,7,27,0,0,yes,09:47:00,toward the sound,40,10,20,60,130,,0,0,0,0,30
11,14,18,Glory,3,1,7,23,0,0,no,09:53:00,away from sound,10,0,0,40,50,"storms yesterday, so death adders may be sensing that and moving more as a result. ",0,0,0,0,30
13,14,19,Bright Sister,3,1,7,0,0,0,no,09:58:00,toward the sound,0,0,0,0,0,tail sitting on top of head whole time. Ambush position,0,0,0,0,30
9,15,1,Perth Girl,2,1,7,24,0,0,no,10:03:00,away from sound,0,20,0,55,75,on the move. Started moving prior to sound starting. ,0,0,0,0,30
7,15,3,El Diablo,0,1,7,2,0,0,no,10:08:00,away from sound,0,0,0,0,0,"prior to sound, 1 hiss in response to box being raised",0,0,0,0,30
10,15,4,Briggs,0,1,7,0,0,0,no,10:13:00,away from sound,0,0,0,0,0,in ambush position. No movement whatsoever.,0,0,0,0,30
1,15,5,Squishy,1,1,7,14,0,0,no,10:19:00,right,10,0,25,20,55,Basically got comfy and went to sleep.,0,0,0,0,30
14,15,6,Lumpy,2,1,7,29,0,1,yes,10:26:00,toward the sound,20,20,10,60,110,,0,0,0,0,30
16,15,7,Dorsal Girl,2,1,7,7,1,0,no,10:31:00,left,5,0,10,0,15,,0,0,0,0,30
19,15,8,Chris' Hoplo,0,1,7,26,0,0,no,10:36:00,right,0,5,10,20,35,,0,0,0,0,30
12,15,9,Dull Sister,2,1,7,4,0,0,no,11:08:00,right,0,0,10,0,10,,0,0,0,0,30
15,15,10,Bitey Boy,2,1,7,53,0,0,no,11:12:00,away from sound,0,40,30,5,75,,0,0,0,0,30
18,15,11,Casper,0,1,7,46,0,0,yes,11:17:00,away from sound,10,15,20,5,50,,0,0,0,0,30
17,15,12,Elapid Boy,1,1,7,31,0,8,no,11:30:00,away from sound,45,0,50,0,95,"periscoped about 5cm on one occasion. We didn't record data for 2nd 30s trial with (no sound), but he did way fewer head jerks and also changed direction and went away from speaker once sound ceased. We're convinced he can hear!",0,0,0,1,30
2,15,13,Boss,0,1,7,15,0,0,no,11:37:00,left,0,0,0,0,0,kept slightlyr raised (5cm head position the whole time.,0,0,0,0,30
11,15,14,Glory,2,1,7,14,1,0,no,11:43:00,away from sound,0,15,0,30,45,21 tongue flicks in 2nd bonus 30s trial with no sound.,0,0,0,0,30
5,15,15,Mawa,3,1,7,46,0,0,no,11:50:00,left,8,20,5,5,38,"he was in a high degree of alertness whole time. Strange behaviour with head. Lots of very small movements left, right, up. Periscoped 3cm upward once.",0,0,0,1,30
8,15,16,Mr Naughty,2,1,7,0,0,0,no,11:55:00,toward the sound,15,5,5,20,45,so strange that he didn't tongue flick when moved head those few times. ,0,0,0,0,30
3,15,17,Fibonacci,2,1,7,11,2,0,yes,12:03:00,toward the sound,0,5,0,35,40,36 tongue flicks and no other notable behaviours in 30s of no sound after first 30s trial. Much more relaxed during no-sound 30s. ,0,1,0,0,30
6,15,18,Upgrade,2,1,7,23,0,0,no,12:10:00,right,0,5,0,7,12,"Kept head raised ~4cm for whole trial. 8 tongue flicks in 2nd 30s trial (no sound). Throughout sound and defo at end of sound, he was flicking tongue heaps and right when the sound stopped, he stopped flicking tongue immediately. ",0,0,0,0,30
13,15,19,Bright Sister,0,1,7,1,0,0,no,12:15:00,right,0,0,2,0,2,,0,0,0,0,30
16,16,1,Dorsal Girl,2,1,7,22,0,0,no,12:20:00,left,0,5,20,30,55,,0,0,0,0,30
15,16,2,Bitey Boy,1,1,7,20,0,0,no,12:26:00,away from sound,30,5,5,5,45,"periscoped in beginning for about 4cm briefly, but Chris reckons in response to hutch swaying. ",0,0,0,1,30
14,16,3,Lumpy,1,1,7,49,0,0,no,12:34:00,toward the sound,0,70,0,45,115,,0,0,0,0,30
2,16,4,Boss,2,1,7,22,0,0,no,12:43:00,toward the sound,0,10,25,0,35,"35 tongue flicks during 2nd 30s trial. She froze whole time during sound, then only about 5s after sound stopped, she moved freely the rest of the no-sound trial. Clear differences in behaviour b/w sound vs no-sound trials.",0,0,0,0,30
19,16,5,Chris' Hoplo,0,1,7,18,0,0,no,13:47:00,toward the sound,0,0,0,20,20,,0,0,0,0,30
10,16,6,Briggs,0,1,7,0,0,0,no,13:51:00,left,0,0,0,0,0,always reorients in the hutch to face away from half wall. ,0,0,0,0,30
17,16,7,Elapid Boy,3,1,7,33,0,8,no,13:57:00,away from sound,30,10,45,15,100,"1 parascoping too about 10cm during sound. 27 tongue flicks in 2nd 30s no-sound trial. Was heading toward sound during sound and when sound stopped, then u-bolted and went the other way and quicker. So approaching speaker slower (when sound on) than when bolting the other way without sound. ",0,0,0,1,30
18,16,8,Casper,1,1,7,49,0,0,yes,14:04:00,away from sound,5,30,15,10,60,"these hoplos pretty well seem to do the same thing every time: Go for a bit, then go back along their body.",0,0,0,0,30
7,16,9,El Diablo,0,1,7,8,0,0,no,14:09:00,toward the sound,0,0,2,0,2,Stayed in raised strike position (8cm off ground) whole trial. Hiss probs in response to box swaying at the start.,0,1,0,0,30
5,16,10,Mawa,2,1,7,34,0,0,no,14:15:00,toward the sound,40,2,35,30,107,36 tongue flicks on no-sound trial after sound stopped. No obvious or apparent differences b/w two trials.,0,0,0,0,30
11,16,11,Glory,0,1,7,3,0,0,no,14:21:00,away from sound,7,0,0,0,7,,0,0,0,0,30
3,16,12,Fibonacci,3,1,7,3,1,0,no,14:30:00,left,0,0,3,0,3,"23 tongue flicks in 2nd 30s trial. He was frozen whole sound trial, then 5s into no sound he then started freely moving. Very obvious difference b/w two trials!",0,0,0,0,30
9,16,13,Perth Girl,2,1,7,15,0,0,no,14:33:00,toward the sound,25,0,10,30,65,suddenly took off about 10s into trial. Makes you wonder if it took that long to register with her?,0,0,0,0,30
4,16,14,Lower Jaw,3,1,7,38,0,0,no,14:39:00,left,30,50,0,70,150,46 tongue flicks for 2nd trial (no-sound). No difference apparent b/w two trials.,0,0,0,0,30
13,16,15,Bright Sister,1,1,7,0,0,0,no,14:44:00,away from sound,0,0,0,0,0,"when brought tail inwards toward body, she thought her tail hit another snake and she briefly waved her tail in randy receptiveness. LOL.",0,0,0,0,30
1,16,16,Squishy,0,1,7,34,0,0,no,14:51:00,away from sound,25,5,45,20,95,he didn't go asleep! Haha. Still didn't seem to take any notice or care about the sound. Or didn't hear it.,0,0,0,0,30
6,16,17,Upgrade,1,1,7,11,0,0,no,14:57:00,toward the sound,100,0,60,0,160,was already moving when sound started.,0,0,0,0,10.6
8,16,18,Mr Naughty,3,1,7,ÃŸ0,0,0,no,15:04:00,toward the sound,0,0,0,0,0,,0,0,0,0,30
12,16,19,Dull Sister,3,1,7,0,0,0,no,15:10:00,toward the sound,0,0,0,0,0,"Done, bitches!!!!",0,0,0,0,30
